<?xml version="1.0"?>
<doc>
    <assembly>
        <name>Microsoft.CodeCoverage.Core</name>
    </assembly>
    <members>
        <member name="M:Microsoft.CodeCoverage.Core.Configurations.CachingExcludeIncludeList.IsIncluded(System.String)">
            <summary>
            Determines if the given item is included.
            </summary>
            <param name="input">input text.</param>
            <returns></returns>
        </member>
        <member name="P:Microsoft.CodeCoverage.Core.Configurations.ExcludeIncludeList.IncludeAll">
            <summary>
            Returns true if all items are included. Returns false if some or all items may be excluded.
            </summary>
        </member>
        <member name="M:Microsoft.CodeCoverage.Core.Configurations.ExcludeIncludeList.IsIncluded(System.String)">
            <summary>
            Determines if the given item is included.
            </summary>
            <param name="input">input text.</param>
            <returns></returns>
        </member>
        <member name="M:Microsoft.CodeCoverage.Core.Configurations.ExcludeIncludeList.IsIncludedExplicitly(System.String)">
            <summary>
            Determines if the item is explicitly included in the list. This method does not check for _includeAll condition i.e. if
            the include list is empty or *, this method will return false.
            </summary>
            <param name="input">Input text.</param>
            <returns></returns>
        </member>
        <member name="P:Microsoft.CodeCoverage.Core.CoverageFileConfiguration.ReadModules">
            <inheritdoc/>
        </member>
        <member name="P:Microsoft.CodeCoverage.Core.CoverageFileConfiguration.ReadSkippedModules">
            <inheritdoc/>
        </member>
        <member name="P:Microsoft.CodeCoverage.Core.CoverageFileConfiguration.ReadSkippedFunctions">
            <inheritdoc/>
        </member>
        <member name="P:Microsoft.CodeCoverage.Core.CoverageFileConfiguration.ReadSnapshotsData">
            <inheritdoc/>
        </member>
        <member name="P:Microsoft.CodeCoverage.Core.CoverageFileConfiguration.GenerateCoverageBufferFiles">
            <inheritdoc/>
        </member>
        <member name="P:Microsoft.CodeCoverage.Core.CoverageFileConfiguration.FixCoverageBuffersMismatch">
            <inheritdoc/>
        </member>
        <member name="P:Microsoft.CodeCoverage.Core.CoverageFileConfiguration.MaxDegreeOfParallelism">
            <inheritdoc/>
        </member>
        <member name="P:Microsoft.CodeCoverage.Core.CoverageFileConfiguration.SkipInvalidData">
            <inheritdoc/>
        </member>
        <member name="P:Microsoft.CodeCoverage.Core.CoverageFileConfiguration.MergeOperation">
            <inheritdoc/>
        </member>
        <member name="M:Microsoft.CodeCoverage.Core.CoverageFileUtilityV2.ReadCoverageReportAsync(System.String,System.Threading.CancellationToken)">
            <inheritdoc />
        </member>
        <member name="M:Microsoft.CodeCoverage.Core.CoverageFileUtilityV2.IsValidCoverageFile(System.String)">
            <inheritdoc />
        </member>
        <member name="M:Microsoft.CodeCoverage.Core.CoverageFileUtilityV2.ReadCoverageFileAsync(System.String,System.Threading.CancellationToken)">
            <inheritdoc/>
        </member>
        <member name="M:Microsoft.CodeCoverage.Core.CoverageFileUtilityV2.ReadCoverageFileAsync(System.Byte[],System.Threading.CancellationToken)">
            <inheritdoc/>
        </member>
        <member name="M:Microsoft.CodeCoverage.Core.CoverageFileUtilityV2.GetUniqueSourceFiles(Microsoft.CodeCoverage.Core.Reports.Coverage.CoverageReport)">
            <inheritdoc/>
        </member>
        <member name="M:Microsoft.CodeCoverage.Core.CoverageFileUtilityV2.ReadXmlCoverageFile(System.String)">
            <inheritdoc />
        </member>
        <member name="M:Microsoft.CodeCoverage.Core.CoverageFileUtilityV2.WriteXmlCoverageFile(System.String,Microsoft.CodeCoverage.Core.Reports.Coverage.XmlFileData)">
            <inheritdoc />
        </member>
        <member name="M:Microsoft.CodeCoverage.Core.CoverageFileUtilityV2.ReadCoberturaFile(System.String)">
            <inheritdoc />
        </member>
        <member name="M:Microsoft.CodeCoverage.Core.CoverageFileUtilityV2.ToSourceReport(Microsoft.CodeCoverage.Core.Reports.Coverage.CoverageReport[])">
            <inheritdoc />
        </member>
        <member name="M:Microsoft.CodeCoverage.Core.CoverageFileUtilityV2.ToSourceReport(Microsoft.CodeCoverage.Core.Reports.Coverage.FileData[])">
            <inheritdoc />
        </member>
        <member name="M:Microsoft.CodeCoverage.Core.CoverageFileUtilityV2.GetFileCoverage(Microsoft.CodeCoverage.Core.Reports.Coverage.ModuleData[],System.Collections.Generic.HashSet{System.String})">
            <inheritdoc />
        </member>
        <member name="M:Microsoft.CodeCoverage.Core.CoverageFileUtilityV2.GetFileCoverage(Microsoft.CodeCoverage.Core.Reports.Coverage.ModuleData[],System.Collections.Generic.Dictionary{System.String,System.Collections.Generic.HashSet{System.UInt32}})">
            <inheritdoc />
        </member>
        <member name="M:Microsoft.CodeCoverage.Core.CoverageFileUtilityV2.GetFileCoverage(Microsoft.CodeCoverage.Core.Reports.Cobertura.CoberturaFile,System.Collections.Generic.HashSet{System.String})">
            <inheritdoc />
        </member>
        <member name="M:Microsoft.CodeCoverage.Core.CoverageFileUtilityV2.GetFileCoverage(Microsoft.CodeCoverage.Core.Reports.Cobertura.CoberturaFile,System.Collections.Generic.Dictionary{System.String,System.Collections.Generic.HashSet{System.UInt32}})">
            <inheritdoc />
        </member>
        <member name="M:Microsoft.CodeCoverage.Core.CoverageFileUtilityV2.MergeCoverageFilesAsync(System.String,System.String[],Microsoft.CodeCoverage.Core.CoverageMergeOperation,System.Threading.CancellationToken)">
            <inheritdoc />
        </member>
        <member name="M:Microsoft.CodeCoverage.Core.CoverageFileUtilityV2.SplitCoverageFileAsync(System.String,System.String,System.Threading.CancellationToken)">
            <inheritdoc />
        </member>
        <member name="M:Microsoft.CodeCoverage.Core.CoverageFileUtilityV2.MergeCoverageBufferFilesAsync(System.String,System.String,System.String[],System.Threading.CancellationToken)">
            <inheritdoc />
        </member>
        <member name="F:Microsoft.CodeCoverage.Core.CoverageMergeOperation.MergeSimilarFormats">
            <summary>
            Merge similar coverage formats together.
            </summary>
        </member>
        <member name="F:Microsoft.CodeCoverage.Core.CoverageMergeOperation.MergeToCoverage">
            <summary>
            Merge all files to .coverage file.
            </summary>
        </member>
        <member name="F:Microsoft.CodeCoverage.Core.CoverageMergeOperation.MergeToXml">
            <summary>
            Merge all files to .xml file.
            </summary>
        </member>
        <member name="F:Microsoft.CodeCoverage.Core.CoverageMergeOperation.MergeToCobertura">
            <summary>
            Merge all files to .cobertura.xml file.
            </summary>
        </member>
        <member name="T:Microsoft.CodeCoverage.Core.PlatformOperatingSystem">
            <summary>
            Available operating systems.
            </summary>
        </member>
        <member name="P:Microsoft.CodeCoverage.Core.ICoverageFileConfiguration.ReadModules">
            <summary>
            Determines whether to process modules during coverage file operations.
            </summary>
        </member>
        <member name="P:Microsoft.CodeCoverage.Core.ICoverageFileConfiguration.ReadSkippedModules">
            <summary>
            Determines whether to process skipped modules during coverage file operations.
            </summary>
        </member>
        <member name="P:Microsoft.CodeCoverage.Core.ICoverageFileConfiguration.ReadSkippedFunctions">
            <summary>
            Determines whether to process skipped functions for a module during coverage file operations.
            </summary>
        </member>
        <member name="P:Microsoft.CodeCoverage.Core.ICoverageFileConfiguration.ReadSnapshotsData">
            <summary>
            Determines whether to process coverage data for snapshots during coverage file operations.
            </summary>
        </member>
        <member name="P:Microsoft.CodeCoverage.Core.ICoverageFileConfiguration.GenerateCoverageBufferFiles">
            <summary>
            Determines whether to generated coverage buffer whiles (.covb) when splitting a coverage file.
            </summary>
        </member>
        <member name="P:Microsoft.CodeCoverage.Core.ICoverageFileConfiguration.FixCoverageBuffersMismatch">
            <summary>
            Determines whether to fix mismatches in the coverage buffer.
            </summary>
        </member>
        <member name="P:Microsoft.CodeCoverage.Core.ICoverageFileConfiguration.MaxDegreeOfParallelism">
            <summary>
            Gets or sets the maximum number of concurrent tasks enabled during coverage file operations.
            </summary>
        </member>
        <member name="P:Microsoft.CodeCoverage.Core.ICoverageFileConfiguration.SkipInvalidData">
            <summary>
            Determines whether to skip invalid data during coverage file operations.
            </summary>
        </member>
        <member name="P:Microsoft.CodeCoverage.Core.ICoverageFileConfiguration.MergeOperation">
            <summary>
            Specifies the format of the merged result.
            </summary>
        </member>
        <member name="T:Microsoft.CodeCoverage.Core.ICoverageFileUtilityV2">
            <summary>
            Interface for methods related to code coverage files.
            </summary>
        </member>
        <member name="M:Microsoft.CodeCoverage.Core.ICoverageFileUtilityV2.ReadCoverageReportAsync(System.String,System.Threading.CancellationToken)">
            <summary>
            Reads a .coverage, .coverage.xml, or .cobertura.xml file
            </summary>
            <param name="path"></param>
            <param name="cancellationToken">Cancellation token.</param>
            <returns>Coverage report.</returns>
        </member>
        <member name="M:Microsoft.CodeCoverage.Core.ICoverageFileUtilityV2.IsValidCoverageFile(System.String)">
            <summary>
            Check if file is a valid vanguard coverage file.
            </summary>
            <param name="path">Input file.</param>
            <returns>True if given file is a valid vanguard coverage file, otherwise false.</returns>
        </member>
        <member name="M:Microsoft.CodeCoverage.Core.ICoverageFileUtilityV2.ReadCoverageFileAsync(System.String,System.Threading.CancellationToken)">
            <summary>
            Reads a .coverage file.
            </summary>
            <param name="path">Input .coverage file.</param>
            <param name="cancellationToken">Cancellation token.</param>
            <returns>Coverage report.</returns>
        </member>
        <member name="M:Microsoft.CodeCoverage.Core.ICoverageFileUtilityV2.ReadCoverageFileAsync(System.Byte[],System.Threading.CancellationToken)">
            <summary>
            Reads a .coverage file.
            </summary>
            <param name="bytes">Input .coverage file data.</param>
            <param name="cancellationToken">Cancellation token.</param>
            <returns>Coverage report.</returns>
        </member>
        <member name="M:Microsoft.CodeCoverage.Core.ICoverageFileUtilityV2.GetUniqueSourceFiles(Microsoft.CodeCoverage.Core.Reports.Coverage.CoverageReport)">
            <summary>
            Gets list of unique file names in the coverage report.
            <param name="coverageReport">Coverage report.</param>
            </summary>
        </member>
        <member name="M:Microsoft.CodeCoverage.Core.ICoverageFileUtilityV2.ReadXmlCoverageFile(System.String)">
            <summary>
            Reads a .xml coverage file.
            </summary>
            <param name="path">Input .xml coverage file</param>
            <returns></returns>
        </member>
        <member name="M:Microsoft.CodeCoverage.Core.ICoverageFileUtilityV2.WriteXmlCoverageFile(System.String,Microsoft.CodeCoverage.Core.Reports.Coverage.XmlFileData)">
            <summary>
            Reads a .xml coverage file.
            </summary>
            <param name="path">Output path</param>
            <param name="report">Input coverage report</param>
            <returns></returns>
        </member>
        <member name="M:Microsoft.CodeCoverage.Core.ICoverageFileUtilityV2.ReadCoberturaFile(System.String)">
            <summary>
            Reads a cobertura coverage file.
            </summary>
            <param name="path">Output path</param>
            <returns>Cobertura coverage report.</returns>
        </member>
        <member name="M:Microsoft.CodeCoverage.Core.ICoverageFileUtilityV2.ToSourceReport(Microsoft.CodeCoverage.Core.Reports.Coverage.FileData[])">
            <summary>
            Converts files coverage data into to a Source Report.
            </summary>
            <param name="files">Input files coverage data.</param>
            <returns>Source Report for the specified coverage reports.</returns>
        </member>
        <member name="M:Microsoft.CodeCoverage.Core.ICoverageFileUtilityV2.ToSourceReport(Microsoft.CodeCoverage.Core.Reports.Coverage.CoverageReport[])">
            <summary>
            Converts coverage reports int to a Source Report.
            </summary>
            <param name="coverageReports">Input coverage reports.</param>
            <returns>Source Report for the specified coverage reports.</returns>
        </member>
        <member name="M:Microsoft.CodeCoverage.Core.ICoverageFileUtilityV2.GetFileCoverage(Microsoft.CodeCoverage.Core.Reports.Coverage.ModuleData[],System.Collections.Generic.HashSet{System.String})">
            <summary>
            Gets coverage for the specified source files.
            </summary>
            <param name="modules">List of modules.</param>
            <param name="sourceFiles">Source files.</param>
            <returns>List of FileData with coverage data.</returns>
        </member>
        <member name="M:Microsoft.CodeCoverage.Core.ICoverageFileUtilityV2.GetFileCoverage(Microsoft.CodeCoverage.Core.Reports.Coverage.ModuleData[],System.Collections.Generic.Dictionary{System.String,System.Collections.Generic.HashSet{System.UInt32}})">
            <summary>
            Gets coverage for the specified changeset.
            </summary>
            <param name="modules">List of modules.</param>
            <param name="changeset">Map of source files and line numbers.</param>
            <returns>List of FileData with coverage data.</returns>
        </member>
        <member name="M:Microsoft.CodeCoverage.Core.ICoverageFileUtilityV2.GetFileCoverage(Microsoft.CodeCoverage.Core.Reports.Cobertura.CoberturaFile,System.Collections.Generic.HashSet{System.String})">
            <summary>
            Gets coverage for the specified source files.
            </summary>
            <param name="coberturaFile">Input cobertura report.</param>
            <param name="sourceFiles">Source files.</param>
            <returns>List of FileData with coverage data.</returns>
        </member>
        <member name="M:Microsoft.CodeCoverage.Core.ICoverageFileUtilityV2.GetFileCoverage(Microsoft.CodeCoverage.Core.Reports.Cobertura.CoberturaFile,System.Collections.Generic.Dictionary{System.String,System.Collections.Generic.HashSet{System.UInt32}})">
            <summary>
            Gets coverage for the specified changeset.
            </summary>
            <param name="coberturaFile">Input cobertura report.</param>
            <param name="changeset">Map of source files and line numbers.</param>
            <returns>List of FileData with coverage data.</returns>
        </member>
        <member name="M:Microsoft.CodeCoverage.Core.ICoverageFileUtilityV2.MergeCoverageFilesAsync(System.String,System.String[],Microsoft.CodeCoverage.Core.CoverageMergeOperation,System.Threading.CancellationToken)">
            <summary>
            Merges .coverage, cobertura and xml coverage files.
            </summary>
            <param name="outputPath">Output path of merged file.</param>
            <param name="files">List of input coverage file paths.</param>
            <param name="mergeOperation">Merge operation</param>
            <param name="cancellationToken">Cancellation token.</param>
            <returns>List of merged file paths.</returns>
        </member>
        <member name="M:Microsoft.CodeCoverage.Core.ICoverageFileUtilityV2.SplitCoverageFileAsync(System.String,System.String,System.Threading.CancellationToken)">
            <summary>
            Splits .coverage file into multiple files per module.
            </summary>
            <param name="path">Input .coverage file.</param>
            <param name="outputFolder">Output folder where .covx and .covb files will be generated.</param>
            <param name="cancellationToken"></param>
            <returns>List of covx/covb files.</returns>
        </member>
        <member name="M:Microsoft.CodeCoverage.Core.ICoverageFileUtilityV2.MergeCoverageBufferFilesAsync(System.String,System.String,System.String[],System.Threading.CancellationToken)">
            <summary>
            Merges a .covx file and it's buffer data files (.covb) in to a new .coverage file.
            </summary>
            <param name="outputPath">Output path of merged file.</param>
            <param name="covxFile">Coverage file path.</param>
            <param name="coverageBufferFiles">List of coverage buffer file paths.</param>
            <param name="cancellationToken"></param>
        </member>
        <member name="T:Microsoft.CodeCoverage.Core.IEnvironment">
            <summary>
            Operating system environment abstractions.
            </summary>
        </member>
        <member name="P:Microsoft.CodeCoverage.Core.IEnvironment.OperatingSystem">
            <summary>
            Gets operating System.
            </summary>
        </member>
        <member name="P:Microsoft.CodeCoverage.Core.IEnvironment.IsWindows">
            <summary>
            Gets if operating system is windows.
            </summary>
        </member>
        <member name="M:Microsoft.CodeCoverage.Core.IEnvironment.GetEnvironmentVariable(System.String,System.EnvironmentVariableTarget)">
            <summary>
            Retrieves the value of an environment variable from the current process or from the Windows operating system registry key for the current user or local machine.
            </summary>
            <param name="variable">The name of an environment variable.</param>
            <param name="target">One of the System.EnvironmentVariableTarget values</param>
            <returns></returns>
        </member>
        <member name="M:Microsoft.CodeCoverage.Core.IEnvironment.SetEnvironmentVariable(System.String,System.String)">
            <summary>
            Creates, modifies, or deletes an environment variable stored in the current process.
            </summary>
            <param name="variable">The name of an environment variable.</param>
            <param name="value">A value to assign to variable.</param>
        </member>
        <member name="M:Microsoft.CodeCoverage.Core.IEnvironment.ExpandEnvironmentVariables(System.String)">
            <summary>
            Replaces the name of each environment variable embedded in the specified string with the string equivalent of the value of the variable, then returns the resulting string.
            </summary>
            <param name="name">A string containing the names of zero or more environment variables. Each environment variable is quoted with the percent sign character (%)</param>
            <returns>A string with each environment variable replaced by its value.</returns>
        </member>
        <member name="T:Microsoft.CodeCoverage.Core.Messages.BinaryMessageReader">
            <summary>
            Reads message from a stream.
            </summary>
        </member>
        <member name="T:Microsoft.CodeCoverage.Core.Messages.Control.SuccessMessage">
            <summary>
            A generic success message.
            </summary>
        </member>
        <member name="T:Microsoft.CodeCoverage.Core.Messages.Control.RegisterClientMessage">
            <summary>
            A message used when a client registers with a logger.
            </summary>
        </member>
        <member name="M:Microsoft.CodeCoverage.Core.Messages.Control.RegisterClientMessage.#ctor(System.UInt32,System.UInt32,System.String)">
            <summary>
            A message used when a client registers with a logger.
            </summary>
        </member>
        <member name="T:Microsoft.CodeCoverage.Core.Messages.Control.RegisterClientResponseMessage">
            <summary>
            A response message for when a client registers with a logger.
            </summary>
        </member>
        <member name="T:Microsoft.CodeCoverage.Core.Messages.Control.CreateStreamMessage">
            <summary>
            A message used to create a (or open an existing) stream in the log file.
            </summary>
        </member>
        <member name="M:Microsoft.CodeCoverage.Core.Messages.Control.CreateStreamMessage.#ctor(System.Guid,System.Guid,System.Boolean,System.String,System.UInt32,System.String,System.Guid,System.String)">
            <summary>
            A message used to create a (or open an existing) stream in the log file.
            </summary>
        </member>
        <member name="T:Microsoft.CodeCoverage.Core.Messages.Control.CreateStreamResponseMessage">
            <summary>
            A response message sent to a client when a log file stream is created.
            </summary>
        </member>
        <member name="M:Microsoft.CodeCoverage.Core.Messages.Control.CreateStreamResponseMessage.#ctor(System.UInt32,System.String,System.Boolean)">
            <summary>
            A response message sent to a client when a log file stream is created.
            </summary>
        </member>
        <member name="T:Microsoft.CodeCoverage.Core.Messages.Control.WriteStreamMessage">
            <summary>
            A message used to write a message to a stream.
            </summary>
        </member>
        <member name="M:Microsoft.CodeCoverage.Core.Messages.Control.WriteStreamMessage.#ctor(System.UInt32)">
            <summary>
            A message used to write a message to a stream.
            </summary>
        </member>
        <member name="T:Microsoft.CodeCoverage.Core.Messages.Control.CloseStreamMessage">
            <summary>
            A message used to close a stream in the log file.
            </summary>
        </member>
        <member name="M:Microsoft.CodeCoverage.Core.Messages.Control.CloseStreamMessage.#ctor(System.UInt32,System.Boolean)">
            <summary>
            A message used to close a stream in the log file.
            </summary>
        </member>
        <member name="T:Microsoft.CodeCoverage.Core.Messages.Control.ClientErrorMessage">
            <summary>
            A message sent to the logger when the client encounters an error.
            </summary>
        </member>
        <member name="M:Microsoft.CodeCoverage.Core.Messages.Control.ClientErrorMessage.#ctor(System.String,System.String[],System.UInt32)">
            <summary>
            A message sent to the logger when the client encounters an error.
            </summary>
        </member>
        <member name="T:Microsoft.CodeCoverage.Core.Messages.Control.ShutdownMessage">
            <summary>
            A message sent to the logger to shut it down.
            </summary>
        </member>
        <member name="T:Microsoft.CodeCoverage.Core.Messages.Control.WriteStreamBuffersMessage">
            <summary>
            A message sent to the logger to write stream buffers to the log file.
            </summary>
        </member>
        <member name="M:Microsoft.CodeCoverage.Core.Messages.Control.WriteStreamBuffersMessage.#ctor(System.Guid,System.String,System.Boolean)">
            <summary>
            A message sent to the logger to write stream buffers to the log file.
            </summary>
        </member>
        <member name="T:Microsoft.CodeCoverage.Core.Messages.Control.ConfigLoggerMessage">
            <summary>
            A message sent to the logger to reconfigure the logger.
            </summary>
        </member>
        <member name="T:Microsoft.CodeCoverage.Core.Messages.Control.GetCoverageDataMessage">
            <summary>
            A message sent to the logger for writing coverage data to file.
            </summary>
        </member>
        <member name="M:Microsoft.CodeCoverage.Core.Messages.Control.GetCoverageDataMessage.#ctor(System.String)">
            <summary>
            A message sent to the logger for writing coverage data to file.
            </summary>
        </member>
        <member name="T:Microsoft.CodeCoverage.Core.Messages.Control.InitializeClientMessage">
            <summary>
            A message send after pipe connection is established
            </summary>
        </member>
        <member name="M:Microsoft.CodeCoverage.Core.Messages.Control.InitializeClientMessage.#ctor(System.UInt32,System.UInt32,System.String,System.String,System.Boolean)">
            <summary>
            A message send after pipe connection is established
            </summary>
        </member>
        <member name="T:Microsoft.CodeCoverage.Core.Messages.Control.InitializeClientResponseMessage">
            <summary>
            A response message received from the logger
            </summary>
        </member>
        <member name="M:Microsoft.CodeCoverage.Core.Messages.Control.InitializeClientResponseMessage.#ctor(System.Boolean,System.UInt32,System.String)">
            <summary>
            A response message received from the logger
            </summary>
        </member>
        <member name="T:Microsoft.CodeCoverage.Core.Messages.Control.BufferMessage">
            <summary>
            A message that contains buffer data.
            </summary>
        </member>
        <member name="M:Microsoft.CodeCoverage.Core.Messages.Control.BufferMessage.#ctor(System.Byte[])">
            <summary>
            A message that contains buffer data.
            </summary>
        </member>
        <member name="T:Microsoft.CodeCoverage.Core.Messages.Control.CacheMessage">
            <summary>
            A message that contains cache data message.
            </summary>
        </member>
        <member name="M:Microsoft.CodeCoverage.Core.Messages.Control.CacheMessage.#ctor(System.Guid,System.String,Microsoft.CodeCoverage.Core.Messages.Control.BufferMessage[])">
            <summary>
            A message that contains cache data message.
            </summary>
        </member>
        <member name="T:Microsoft.CodeCoverage.Core.Messages.Control.FetchCacheMessage">
            <summary>
            A message that requests native module information.
            </summary>
        </member>
        <member name="M:Microsoft.CodeCoverage.Core.Messages.Control.FetchCacheMessage.#ctor(System.Guid,System.String)">
            <summary>
            A message that requests native module information.
            </summary>
        </member>
        <member name="T:Microsoft.CodeCoverage.Core.Messages.CoverageData.TestCoverageDataMessage">
            <summary>
            A message used as the stream header to the coverage data.
            </summary>
        </member>
        <member name="M:Microsoft.CodeCoverage.Core.Messages.CoverageData.TestCoverageDataMessage.#ctor(System.String)">
            <summary>
            A message used as the stream header to the coverage data.
            </summary>
        </member>
        <member name="T:Microsoft.CodeCoverage.Core.Messages.ModuleData.ModuleInstrumentedMessage">
            <summary>
            A message for when a module is instrumented.
            </summary>
        </member>
        <member name="M:Microsoft.CodeCoverage.Core.Messages.ModuleData.ModuleInstrumentedMessage.#ctor(System.Byte[],System.Guid,System.String,System.UInt32,System.UInt32,System.String,System.String,System.String)">
            <summary>
            A message for when a module is instrumented.
            </summary>
        </member>
        <member name="F:Microsoft.CodeCoverage.Core.Messages.ModuleData.ModuleInstrumentedMessage.MessageTag">
            <summary>
            Message Tag is a identifier used to identify message type when reading/writing .coverage file.
            </summary>
        </member>
        <member name="T:Microsoft.CodeCoverage.Core.Messages.ModuleData.FunctionInstrumentedMessage">
            <summary>
            A message for when a function is instrumented.
            </summary>
        </member>
        <member name="F:Microsoft.CodeCoverage.Core.Messages.ModuleData.FunctionInstrumentedMessage.MessageTag">
            <summary>
            Message Tag is a identifier used to identify message type when reading/writing .coverage file.
            </summary>
        </member>
        <member name="T:Microsoft.CodeCoverage.Core.Messages.ModuleData.FunctionSkippedMessage">
            <summary>
            A message for when a function is skipped for instrumentation.
            </summary>
        </member>
        <member name="M:Microsoft.CodeCoverage.Core.Messages.ModuleData.FunctionSkippedMessage.#ctor(System.UInt32,System.UInt32,System.UInt32,Microsoft.CodeCoverage.Core.FunctionSkipReason,System.String,System.String,System.String)">
            <summary>
            A message for when a function is skipped for instrumentation.
            </summary>
        </member>
        <member name="T:Microsoft.CodeCoverage.Core.Messages.ModuleData.BlockLineDataMessage">
            <summary>
            A message that contains basic block line data.
            </summary>
        </member>
        <member name="F:Microsoft.CodeCoverage.Core.Messages.ModuleData.BlockLineDataMessage.MessageTag">
            <summary>
            Message Tag is a identifier used to identify message type when reading/writing .coverage file.
            </summary>
        </member>
        <member name="T:Microsoft.CodeCoverage.Core.Messages.ModuleData.SourceFileDataMessage">
            <summary>
            A message that contains source file information.
            </summary>
        </member>
        <member name="F:Microsoft.CodeCoverage.Core.Messages.ModuleData.SourceFileDataMessage.MessageTag">
            <summary>
            Message Tag is a identifier used to identify message type when reading/writing .coverage file.
            </summary>
        </member>
        <member name="T:Microsoft.CodeCoverage.Core.Messages.ModulesSkipped.ModuleSkippedMessage">
            <summary>
            A message for when a module is skipped for instrumentation.
            </summary>
        </member>
        <member name="M:Microsoft.CodeCoverage.Core.Messages.ModulesSkipped.ModuleSkippedMessage.#ctor(Microsoft.CodeCoverage.Core.ModuleSkipReason,System.String,System.String)">
            <summary>
            A message for when a module is skipped for instrumentation.
            </summary>
        </member>
        <member name="F:Microsoft.CodeCoverage.Core.Messages.ModulesSkipped.ModuleSkippedMessage.MessageTag">
            <summary>
            Message Tag is a identifier used to identify message type when reading/writing .coverage file.
            </summary>
        </member>
        <member name="T:Microsoft.CodeCoverage.Core.Messages.PerSnapshotCoverageData.SnapshotIdsDataMessage">
            <summary>
            A message used as the stream header to the coverage data.
            </summary>
        </member>
        <member name="M:Microsoft.CodeCoverage.Core.Messages.PerSnapshotCoverageData.SnapshotIdsDataMessage.#ctor(System.String[])">
            <summary>
            A message used as the stream header to the coverage data.
            </summary>
        </member>
        <member name="M:Microsoft.CodeCoverage.Core.Messages.Processors.MessagesProcessor.GetDefaultMessageProcessor">
            <summary>
            Gets Messages processor with all available processors in correct order.
            </summary>
            <returns></returns>
        </member>
        <member name="T:Microsoft.CodeCoverage.Core.Messages.SnapshotTagsData.SnapshotTagsDataMessage">
            <summary>
            A message used as the stream header to the coverage data.
            </summary>
        </member>
        <member name="M:Microsoft.CodeCoverage.Core.Messages.SnapshotTagsData.SnapshotTagsDataMessage.#ctor(Microsoft.CodeCoverage.Core.Reports.Coverage.SnapshotTag[])">
            <summary>
            A message used as the stream header to the coverage data.
            </summary>
        </member>
        <member name="F:Microsoft.CodeCoverage.Core.Messages.SnapshotTagsData.SnapshotTagsDataMessage.MessageTag">
            <summary>
            Message Tag is a identifier used to identify message type when reading/writing .coverage file.
            </summary>
        </member>
        <member name="T:Microsoft.CodeCoverage.Core.PlatformEnvironment">
            <inheritdoc />
        </member>
        <member name="P:Microsoft.CodeCoverage.Core.PlatformEnvironment.OperatingSystem">
            <inheritdoc />
        </member>
        <member name="P:Microsoft.CodeCoverage.Core.PlatformEnvironment.IsWindows">
            <inheritdoc/>
        </member>
        <member name="M:Microsoft.CodeCoverage.Core.PlatformEnvironment.GetEnvironmentVariable(System.String,System.EnvironmentVariableTarget)">
            <inheritdoc/>
        </member>
        <member name="M:Microsoft.CodeCoverage.Core.PlatformEnvironment.ExpandEnvironmentVariables(System.String)">
            <inheritdoc/>
        </member>
        <member name="M:Microsoft.CodeCoverage.Core.PlatformEnvironment.SetEnvironmentVariable(System.String,System.String)">
            <inheritdoc/>
        </member>
        <member name="P:Microsoft.CodeCoverage.Core.Reports.Coverage.CoverageBufferData.ModuleName">
            <summary>
            Module Name.
            </summary>
        </member>
        <member name="P:Microsoft.CodeCoverage.Core.Reports.Coverage.CoverageBufferData.ModuleLinkTime">
            <summary>
            Module Link Time.
            </summary>
        </member>
        <member name="M:Microsoft.CodeCoverage.Core.Reports.Coverage.CoverageBufferData.op_Equality(Microsoft.CodeCoverage.Core.Reports.Coverage.CoverageBufferData,Microsoft.CodeCoverage.Core.Reports.Coverage.CoverageBufferData)">
            <inheritdoc/>
        </member>
        <member name="M:Microsoft.CodeCoverage.Core.Reports.Coverage.CoverageBufferData.op_Inequality(Microsoft.CodeCoverage.Core.Reports.Coverage.CoverageBufferData,Microsoft.CodeCoverage.Core.Reports.Coverage.CoverageBufferData)">
            <inheritdoc/>
        </member>
        <member name="M:Microsoft.CodeCoverage.Core.Reports.Coverage.CoverageBufferData.Equals(System.Object)">
            <inheritdoc/>
        </member>
        <member name="M:Microsoft.CodeCoverage.Core.Reports.Coverage.CoverageBufferData.Equals(Microsoft.CodeCoverage.Core.Reports.Coverage.CoverageBufferData)">
            <inheritdoc/>
        </member>
        <member name="M:Microsoft.CodeCoverage.Core.Reports.Coverage.CoverageBufferData.GetHashCode">
            <inheritdoc/>
        </member>
        <member name="M:Microsoft.CodeCoverage.Core.Reports.Coverage.CoverageBufferData.ToString">
            <inheritdoc/>
        </member>
        <member name="T:Microsoft.CodeCoverage.Core.Reports.Coverage.CoverageLineData">
            <summary>
            Line data with coverage status.
            </summary>
            <param name="StartLine"> Gets or sets the start line of the block. </param>
            <param name="StartColumn"> Gets or sets the start column of the block. </param>
            <param name="EndLine"> Gets or sets the end line of the block. </param>
            <param name="EndColumn"> Gets or sets the end column of the block. </param>
        </member>
        <member name="M:Microsoft.CodeCoverage.Core.Reports.Coverage.CoverageLineData.#ctor(System.UInt32,System.UInt32,System.UInt32,System.UInt32)">
            <summary>
            Line data with coverage status.
            </summary>
            <param name="StartLine"> Gets or sets the start line of the block. </param>
            <param name="StartColumn"> Gets or sets the start column of the block. </param>
            <param name="EndLine"> Gets or sets the end line of the block. </param>
            <param name="EndColumn"> Gets or sets the end column of the block. </param>
        </member>
        <member name="P:Microsoft.CodeCoverage.Core.Reports.Coverage.CoverageLineData.StartLine">
            <summary> Gets or sets the start line of the block. </summary>
        </member>
        <member name="P:Microsoft.CodeCoverage.Core.Reports.Coverage.CoverageLineData.StartColumn">
            <summary> Gets or sets the start column of the block. </summary>
        </member>
        <member name="P:Microsoft.CodeCoverage.Core.Reports.Coverage.CoverageLineData.EndLine">
            <summary> Gets or sets the end line of the block. </summary>
        </member>
        <member name="P:Microsoft.CodeCoverage.Core.Reports.Coverage.CoverageLineData.EndColumn">
            <summary> Gets or sets the end column of the block. </summary>
        </member>
        <member name="P:Microsoft.CodeCoverage.Core.Reports.Coverage.CoverageLineData.BlocksCovered">
            <summary>
            Gets or sets the number of covered blocks for this line data.
            </summary>
        </member>
        <member name="P:Microsoft.CodeCoverage.Core.Reports.Coverage.CoverageLineData.BlocksNotCovered">
            <summary>
            Gets or sets the number of not covered blocks for this line data.
            </summary>
        </member>
        <member name="P:Microsoft.CodeCoverage.Core.Reports.Coverage.CoverageLineData.CoverageStatus">
            <summary>
            Gets or sets the coverage status for the line information.
            </summary>
        </member>
        <member name="M:Microsoft.CodeCoverage.Core.Reports.Coverage.CoverageLineData.GetHashCode">
            <inheritdoc/>
        </member>
        <member name="P:Microsoft.CodeCoverage.Core.Reports.Coverage.CoverageStatistics.BlocksCovered">
            <summary>
            Gets or sets the count of blocks covered.
            </summary>
        </member>
        <member name="P:Microsoft.CodeCoverage.Core.Reports.Coverage.CoverageStatistics.BlocksNotCovered">
            <summary>
            Gets or sets the count of blocks not covered.
            </summary>
        </member>
        <member name="P:Microsoft.CodeCoverage.Core.Reports.Coverage.CoverageStatistics.LinesCovered">
            <summary>
            Gets or sets the count of lines covered.
            </summary>
        </member>
        <member name="P:Microsoft.CodeCoverage.Core.Reports.Coverage.CoverageStatistics.LinesPartiallyCovered">
            <summary>
            Gets or sets the count of lines partially covered.
            </summary>
        </member>
        <member name="P:Microsoft.CodeCoverage.Core.Reports.Coverage.CoverageStatistics.LinesNotCovered">
            <summary>
            Gets or sets the count of lines not covered.
            </summary>
        </member>
        <member name="P:Microsoft.CodeCoverage.Core.Reports.Coverage.FunctionData.Id">
            <summary>
            Gets or sets the function's identifier.
            </summary>
        </member>
        <member name="P:Microsoft.CodeCoverage.Core.Reports.Coverage.FunctionData.MetadataToken">
            <summary>
            Gets or sets the function's metadata token.
            </summary>
        </member>
        <member name="P:Microsoft.CodeCoverage.Core.Reports.Coverage.FunctionData.Name">
            <summary>
            Gets or sets the function's name.
            </summary>
        </member>
        <member name="P:Microsoft.CodeCoverage.Core.Reports.Coverage.FunctionData.NamespaceName">
            <summary>
            Gets or sets the function's namespace name.
            </summary>
        </member>
        <member name="P:Microsoft.CodeCoverage.Core.Reports.Coverage.FunctionData.TypeName">
            <summary>
            Gets or sets the function's type name.
            </summary>
        </member>
        <member name="P:Microsoft.CodeCoverage.Core.Reports.Coverage.ModuleData.CoverageBuffers">
            <summary>
            Gets list of coverage buffers mapping with snapshot ids.
            </summary>
        </member>
        <member name="P:Microsoft.CodeCoverage.Core.Reports.Coverage.ModuleData.Signature">
            <summary>
            Gets the signature of the module.
            </summary>
            <remarks>If the signature is Guid.Empty, then the module has no signature.</remarks>
        </member>
        <member name="P:Microsoft.CodeCoverage.Core.Reports.Coverage.ModuleData.SignatureAge">
            <summary>
            Gets the age of the module signature.
            </summary>
            <remarks>When used in conjunction with the module signature, this is used to uniquely identify a module.</remarks>
        </member>
        <member name="M:Microsoft.CodeCoverage.Core.Reports.Coverage.ModuleData.ApplyDefaultCoverage">
            <summary>
            Applies default coverage statistics for this module.
            </summary>
        </member>
        <member name="M:Microsoft.CodeCoverage.Core.Reports.Coverage.ModuleData.ApplySnapshotCoverage(Microsoft.CodeCoverage.Core.Reports.Coverage.SnapshotTag[],System.Boolean)">
            <summary>
            Updates coverage statistics for this module for the given snapshot tag.
            If no information is available for the given snapshot, coverage statistics are set to zero.
            </summary>
        </member>
        <member name="T:Microsoft.CodeCoverage.Core.Reports.Coverage.MultiBlockLineData">
            <summary>
            Line data with coverage status and blocks data.
            </summary>
        </member>
        <member name="P:Microsoft.CodeCoverage.Core.Reports.Coverage.MultiBlockLineData.AdditionalBlockIndexes">
            <summary>
            List of block indexes.
            </summary>
        </member>
        <member name="P:Microsoft.CodeCoverage.Core.Reports.Coverage.MultiBlockLineData.SourceId">
            <summary>
            Gets or sets the source file identifier for the line information.
            </summary>
        </member>
        <member name="M:Microsoft.CodeCoverage.Core.Reports.Coverage.MultiBlockLineData.ToString">
            <inheritdoc/>
        </member>
        <member name="M:Microsoft.CodeCoverage.Core.Reports.Coverage.MultiBlockLineData.CompareTo(Microsoft.CodeCoverage.Core.Reports.Coverage.MultiBlockLineData)">
            <inheritdoc/>
        </member>
        <member name="M:Microsoft.CodeCoverage.Core.Reports.Coverage.MultiBlockLineData.Equals(Microsoft.CodeCoverage.Core.Reports.Coverage.MultiBlockLineData)">
            <inheritdoc/>
        </member>
        <member name="M:Microsoft.CodeCoverage.Core.Reports.Coverage.MultiBlockLineData.op_LessThan(Microsoft.CodeCoverage.Core.Reports.Coverage.MultiBlockLineData,Microsoft.CodeCoverage.Core.Reports.Coverage.MultiBlockLineData)">
            <inheritdoc/>
        </member>
        <member name="M:Microsoft.CodeCoverage.Core.Reports.Coverage.MultiBlockLineData.op_LessThanOrEqual(Microsoft.CodeCoverage.Core.Reports.Coverage.MultiBlockLineData,Microsoft.CodeCoverage.Core.Reports.Coverage.MultiBlockLineData)">
            <inheritdoc/>
        </member>
        <member name="M:Microsoft.CodeCoverage.Core.Reports.Coverage.MultiBlockLineData.op_GreaterThan(Microsoft.CodeCoverage.Core.Reports.Coverage.MultiBlockLineData,Microsoft.CodeCoverage.Core.Reports.Coverage.MultiBlockLineData)">
            <inheritdoc/>
        </member>
        <member name="M:Microsoft.CodeCoverage.Core.Reports.Coverage.MultiBlockLineData.op_GreaterThanOrEqual(Microsoft.CodeCoverage.Core.Reports.Coverage.MultiBlockLineData,Microsoft.CodeCoverage.Core.Reports.Coverage.MultiBlockLineData)">
            <inheritdoc/>
        </member>
        <member name="M:Microsoft.CodeCoverage.Core.Reports.Coverage.MultiBlockLineData.GetHashCode">
            <inheritdoc/>
        </member>
        <member name="M:Microsoft.CodeCoverage.Core.Reports.Coverage.SkippedFunctionData.op_Equality(Microsoft.CodeCoverage.Core.Reports.Coverage.SkippedFunctionData,Microsoft.CodeCoverage.Core.Reports.Coverage.SkippedFunctionData)">
            <inheritdoc/>
        </member>
        <member name="M:Microsoft.CodeCoverage.Core.Reports.Coverage.SkippedFunctionData.op_Inequality(Microsoft.CodeCoverage.Core.Reports.Coverage.SkippedFunctionData,Microsoft.CodeCoverage.Core.Reports.Coverage.SkippedFunctionData)">
            <inheritdoc/>
        </member>
        <member name="M:Microsoft.CodeCoverage.Core.Reports.Coverage.SkippedFunctionData.Equals(System.Object)">
            <inheritdoc/>
        </member>
        <member name="M:Microsoft.CodeCoverage.Core.Reports.Coverage.SkippedFunctionData.Equals(Microsoft.CodeCoverage.Core.Reports.Coverage.SkippedFunctionData)">
            <inheritdoc/>
        </member>
        <member name="M:Microsoft.CodeCoverage.Core.Reports.Coverage.SkippedFunctionData.GetHashCode">
            <inheritdoc/>
        </member>
        <member name="M:Microsoft.CodeCoverage.Core.Reports.Coverage.SkippedModuleData.op_Equality(Microsoft.CodeCoverage.Core.Reports.Coverage.SkippedModuleData,Microsoft.CodeCoverage.Core.Reports.Coverage.SkippedModuleData)">
            <inheritdoc/>
        </member>
        <member name="M:Microsoft.CodeCoverage.Core.Reports.Coverage.SkippedModuleData.op_Inequality(Microsoft.CodeCoverage.Core.Reports.Coverage.SkippedModuleData,Microsoft.CodeCoverage.Core.Reports.Coverage.SkippedModuleData)">
            <inheritdoc/>
        </member>
        <member name="M:Microsoft.CodeCoverage.Core.Reports.Coverage.SkippedModuleData.Equals(System.Object)">
            <inheritdoc/>
        </member>
        <member name="M:Microsoft.CodeCoverage.Core.Reports.Coverage.SkippedModuleData.Equals(Microsoft.CodeCoverage.Core.Reports.Coverage.SkippedModuleData)">
            <inheritdoc/>
        </member>
        <member name="M:Microsoft.CodeCoverage.Core.Reports.Coverage.SkippedModuleData.GetHashCode">
            <inheritdoc/>
        </member>
        <member name="M:Microsoft.CodeCoverage.Core.Reports.Coverage.SourceFileData.op_Equality(Microsoft.CodeCoverage.Core.Reports.Coverage.SourceFileData,Microsoft.CodeCoverage.Core.Reports.Coverage.SourceFileData)">
            <inheritdoc/>
        </member>
        <member name="M:Microsoft.CodeCoverage.Core.Reports.Coverage.SourceFileData.op_Inequality(Microsoft.CodeCoverage.Core.Reports.Coverage.SourceFileData,Microsoft.CodeCoverage.Core.Reports.Coverage.SourceFileData)">
            <inheritdoc/>
        </member>
        <member name="M:Microsoft.CodeCoverage.Core.Reports.Coverage.SourceFileData.Equals(System.Object)">
            <inheritdoc/>
        </member>
        <member name="M:Microsoft.CodeCoverage.Core.Reports.Coverage.SourceFileData.Equals(Microsoft.CodeCoverage.Core.Reports.Coverage.SourceFileData)">
            <inheritdoc/>
        </member>
        <member name="M:Microsoft.CodeCoverage.Core.Reports.Coverage.SourceFileData.GetHashCode">
            <inheritdoc/>
        </member>
        <member name="M:Microsoft.CodeCoverage.Core.Reports.Coverage.StatisticsCalculator.CalculateStatistics(Microsoft.CodeCoverage.Core.Reports.Coverage.FunctionData,System.Byte[],System.Int32,Microsoft.CodeCoverage.Core.Collections.IBoundedSet,Microsoft.CodeCoverage.Core.Reports.Coverage.ILineStatisticsCalculator,System.Boolean)">
            <summary>
            Calculates the function's statistics.
            This function must be called before accessing the statistical data.
            </summary>
        </member>
        <member name="T:Microsoft.CodeCoverage.Core.Utils.DirectoryHelper">
            <inheritdoc />
        </member>
        <member name="M:Microsoft.CodeCoverage.Core.Utils.DirectoryHelper.GetCurrentDirectory">
            <inheritdoc />
        </member>
        <member name="M:Microsoft.CodeCoverage.Core.Utils.DirectoryHelper.GetAssemblyLocation(System.Type)">
            <inheritdoc />
        </member>
        <member name="M:Microsoft.CodeCoverage.Core.Utils.DirectoryHelper.Delete(System.String,System.Boolean)">
            <inheritdoc />
        </member>
        <member name="M:Microsoft.CodeCoverage.Core.Utils.DirectoryHelper.CreateDirectory(System.String)">
            <inheritdoc />
        </member>
        <member name="M:Microsoft.CodeCoverage.Core.Utils.DirectoryHelper.CreateDirectoryIfNeeded(System.String)">
            <inheritdoc />
        </member>
        <member name="M:Microsoft.CodeCoverage.Core.Utils.DirectoryHelper.Exists(System.String)">
            <inheritdoc />
        </member>
        <member name="M:Microsoft.CodeCoverage.Core.Utils.DirectoryHelper.Exists(System.IO.DirectoryInfo)">
            <inheritdoc />
        </member>
        <member name="M:Microsoft.CodeCoverage.Core.Utils.DirectoryHelper.GetFiles(System.IO.DirectoryInfo,System.String,System.IO.SearchOption)">
            <inheritdoc />
        </member>
        <member name="M:Microsoft.CodeCoverage.Core.Utils.DirectoryHelper.GetFiles(System.String,System.String,System.IO.SearchOption)">
            <inheritdoc />
        </member>
        <member name="M:Microsoft.CodeCoverage.Core.Utils.DirectoryHelper.GetDirectories(System.String)">
            <inheritdoc />
        </member>
        <member name="M:Microsoft.CodeCoverage.Core.Utils.DirectoryHelper.GetLastAccessTimeUtc(System.String)">
            <inheritdoc />
        </member>
        <member name="M:Microsoft.CodeCoverage.Core.Utils.DirectoryHelper.SetLastAccessTimeUtc(System.String,System.DateTime)">
            <inheritdoc />
        </member>
        <member name="T:Microsoft.CodeCoverage.Core.Utils.FileHelper">
            <inheritdoc />
        </member>
        <member name="M:Microsoft.CodeCoverage.Core.Utils.FileHelper.Exists(System.String)">
            <inheritdoc />
        </member>
        <member name="M:Microsoft.CodeCoverage.Core.Utils.FileHelper.Exists(System.IO.FileInfo)">
            <inheritdoc />
        </member>
        <member name="M:Microsoft.CodeCoverage.Core.Utils.FileHelper.WriteAllText(System.String,System.String)">
            <inheritdoc />
        </member>
        <member name="M:Microsoft.CodeCoverage.Core.Utils.FileHelper.ReadAllText(System.String)">
            <inheritdoc />
        </member>
        <member name="M:Microsoft.CodeCoverage.Core.Utils.FileHelper.ReadAllLines(System.String)">
            <inheritdoc />
        </member>
        <member name="M:Microsoft.CodeCoverage.Core.Utils.FileHelper.Delete(System.String)">
            <inheritdoc />
        </member>
        <member name="M:Microsoft.CodeCoverage.Core.Utils.FileHelper.Move(System.String,System.String)">
            <inheritdoc />
        </member>
        <member name="M:Microsoft.CodeCoverage.Core.Utils.FileHelper.Copy(System.String,System.String,System.Boolean)">
            <inheritdoc />
        </member>
        <member name="T:Microsoft.CodeCoverage.Core.Utils.IDirectoryHelper">
            <summary>
            Interface to Abstract System.IO.Directory methods for mocking in unit tests.
            </summary>
        </member>
        <member name="M:Microsoft.CodeCoverage.Core.Utils.IDirectoryHelper.GetCurrentDirectory">
            <summary>
            Gets the current working directory of the application.
            </summary>
            <returns>A string that contains the path of the current working directory, and does not end with a backslash (\).</returns>
        </member>
        <member name="M:Microsoft.CodeCoverage.Core.Utils.IDirectoryHelper.GetAssemblyLocation(System.Type)">
            <summary>
            Gets the locations of the type.
            </summary>
            <param name="type">Type</param>
            <returns>A path of the directory containing the specified type.</returns>
        </member>
        <member name="M:Microsoft.CodeCoverage.Core.Utils.IDirectoryHelper.Delete(System.String,System.Boolean)">
            <summary>
             Deletes the specified directory and, if indicated, any subdirectories and files in the directory.
            </summary>
            <param name="path">The name of the directory to remove.</param>
            <param name="recursive">true to remove directories, subdirectories, and files in path; otherwise, false.</param>
        </member>
        <member name="M:Microsoft.CodeCoverage.Core.Utils.IDirectoryHelper.CreateDirectory(System.String)">
            <summary>
            Creates all directories and subdirectories in the specified path unless they already exist.
            </summary>
            <param name="path">The directory to create.</param>
        </member>
        <member name="M:Microsoft.CodeCoverage.Core.Utils.IDirectoryHelper.CreateDirectoryIfNeeded(System.String)">
            <summary>
            Creates all directories and subdirectories for the specific path is not present.
            </summary>
            <param name="filePath">The file path.</param>
        </member>
        <member name="M:Microsoft.CodeCoverage.Core.Utils.IDirectoryHelper.Exists(System.String)">
            <summary>
            Determines whether the given path refers to an existing directory on disk.
            </summary>
            <param name="path">The path to test.</param>
            <returns>true if path refers to an existing directory;
            false if the directory does not exist or an error occurs when trying to determine if the specified directory exists.</returns>
        </member>
        <member name="M:Microsoft.CodeCoverage.Core.Utils.IDirectoryHelper.Exists(System.IO.DirectoryInfo)">
            <summary>
            Gets a value indicating whether the directory exists.
            </summary>
            <param name="directoryInfo">The directory info to test.</param>
            <returns>true if the directory exists; otherwise, false.</returns>
        </member>
        <member name="M:Microsoft.CodeCoverage.Core.Utils.IDirectoryHelper.GetFiles(System.IO.DirectoryInfo,System.String,System.IO.SearchOption)">
            <summary>
            Returns a file list from the provided directory matching the given search pattern and using a value to determine whether to search subdirectories.
            </summary>
            <param name="directoryInfo">The directory info to test.</param>
            <param name="searchPattern">The search string to match against the names of files. This parameter can contain a combination of valid literal path and wildcard (* and ?) characters, but it doesn&#39;t support regular expressions.</param>
            <param name="searchOption">One of the enumeration values that specifies whether the search operation should include only the current directory or all subdirectories.</param>
            <returns>An array of type System.IO.FileInfo.</returns>
        </member>
        <member name="M:Microsoft.CodeCoverage.Core.Utils.IDirectoryHelper.GetFiles(System.String,System.String,System.IO.SearchOption)">
            <summary>
            Returns the names of files (including their paths) that match the specified search pattern and using a value to determine whether to search subdirectories.
            </summary>
            <param name="path">The relative or absolute path to the directory to search. This string is not case-sensitive.</param>
            <param name="searchPattern">The search string to match against the names of files. This parameter can contain a combination of valid literal path and wildcard (* and ?) characters, but it doesn&#39;t support regular expressions.</param>
            <param name="searchOption">One of the enumeration values that specifies whether the search operation should include only the current directory or all subdirectories.</param>
            <returns>An array of the full names (including paths) for the files in the specified directory.</returns>
        </member>
        <member name="M:Microsoft.CodeCoverage.Core.Utils.IDirectoryHelper.GetDirectories(System.String)">
            <summary>
            Returns the names of subdirectories (including their paths) in the specified directory.
            </summary>
            <param name="path">The relative or absolute path to the directory to search. This string is not case-sensitive.</param>
            <returns>An array of the full names (including paths) of subdirectories in the specified path, or an empty array if no directories are found.</returns>
        </member>
        <member name="M:Microsoft.CodeCoverage.Core.Utils.IDirectoryHelper.GetLastAccessTimeUtc(System.String)">
            <summary>
            Returns the date and time the specified file or directory was last accessed.
            </summary>
            <param name="path">The file or directory for which to obtain access date and time information.</param>
            <returns>A structure that is set to the date and time the specified file or directory was last accessed. This value is expressed in local time.</returns>
        </member>
        <member name="M:Microsoft.CodeCoverage.Core.Utils.IDirectoryHelper.SetLastAccessTimeUtc(System.String,System.DateTime)">
            <summary>
            Sets the date and time, in Coordinated Universal Time (UTC) format, that the specified file or directory was last accessed.
            </summary>
            <param name="path">The file or directory for which to set the access date and time information.</param>
            <param name="lastAccessTimeUtc">An object that contains the value to set for the access date and time of path. This value is expressed in UTC time.</param>
        </member>
        <member name="T:Microsoft.CodeCoverage.Core.Utils.IFileHelper">
            <summary>
            Interface to Abstract System.IO.File methods for mocking in unit tests.
            </summary>
        </member>
        <member name="M:Microsoft.CodeCoverage.Core.Utils.IFileHelper.Exists(System.String)">
            <summary>
            Determines whether the specified file exists.
            </summary>
            <param name="path">The file to check.</param>
            <returns>true if the caller has the required permissions and path contains the name of an existing file; otherwise, false.
            This method also returns false if path is null, an invalid path, or a zero-length string.
            If the caller does not have sufficient permissions to read the specified file,
            no exception is thrown and the method returns false regardless of the existence of path.</returns>
        </member>
        <member name="M:Microsoft.CodeCoverage.Core.Utils.IFileHelper.Exists(System.IO.FileInfo)">
            <summary>
            Gets a value indicating whether a file exists.
            </summary>
            <param name="fileInfo">The file to check.</param>
            <returns>true if the file exists; false if the file does not exist or if the file is a directory.</returns>
        </member>
        <member name="M:Microsoft.CodeCoverage.Core.Utils.IFileHelper.WriteAllText(System.String,System.String)">
            <summary>
            Creates a new file, writes the specified string to the file, and then closes the file.
            If the target file already exists, it is overwritten.
            </summary>
            <param name="path">The file to write to.</param>
            <param name="contents">The string to write to the file.</param>
        </member>
        <member name="M:Microsoft.CodeCoverage.Core.Utils.IFileHelper.ReadAllLines(System.String)">
            <summary>
            Reads all lines from file.
            </summary>
            <param name="path">The file to read to.</param>
        </member>
        <member name="M:Microsoft.CodeCoverage.Core.Utils.IFileHelper.ReadAllText(System.String)">
            <summary>
            Opens a text file, reads all the text in the file, and then closes the file.
            </summary>
            <param name="path">The file to open for reading.</param>
        </member>
        <member name="M:Microsoft.CodeCoverage.Core.Utils.IFileHelper.Delete(System.String)">
            <summary>
            Deletes the specified file.
            </summary>
            <param name="path">The name of the file to be deleted. Wildcard characters are not supported.</param>
        </member>
        <member name="M:Microsoft.CodeCoverage.Core.Utils.IFileHelper.Move(System.String,System.String)">
            <summary>
            Moves a specified file to a new location, providing the option to specify a new file name.
            </summary>
            <param name="sourceFileName">The name of the file to move. Can include a relative or absolute path.</param>
            <param name="destFileName">The new path and name for the file.</param>
        </member>
        <member name="M:Microsoft.CodeCoverage.Core.Utils.IFileHelper.Copy(System.String,System.String,System.Boolean)">
            <summary>
            Copies an existing file to a new file. Overwriting a file of the same name is allowed.
            </summary>
            <param name="sourceFileName">The file to copy.</param>
            <param name="destFileName">The name of the destination file. This cannot be a directory or an existing file.</param>
            <param name="overwrite">true if the destination file can be overwritten; otherwise, false.</param>
        </member>
        <member name="M:Microsoft.CodeCoverage.Core.Utils.IFileHelper.OpenRead(System.String)">
            <summary>
            Opens an existing file for reading.
            </summary>
            <param name="path">The file to be opened for reading.</param>
            <returns>A read-only FileStream on the specified path.</returns>
        </member>
        <member name="T:Microsoft.CodeCoverage.Core.Utils.IProfilersLocationProvider">
            <summary>
            Interface to provide vanguard and CLR IE directory and path.
            </summary>
        </member>
        <member name="M:Microsoft.CodeCoverage.Core.Utils.IProfilersLocationProvider.GetVanguardPath(Microsoft.CodeCoverage.Core.Configurations.DataCollectorConfiguration)">
            <summary>
            Get path to vanguard exe
            </summary>
            <returns>Vanguard path</returns>
        </member>
        <member name="M:Microsoft.CodeCoverage.Core.Utils.IProfilersLocationProvider.GetVanguardProfilerConfigX64Path(Microsoft.CodeCoverage.Core.Configurations.DataCollectorConfiguration)">
            <summary>
            Get path to x64 vanguard profiler config
            </summary>
            <returns>Vanguard x64 profiler config path</returns>
        </member>
        <member name="M:Microsoft.CodeCoverage.Core.Utils.IProfilersLocationProvider.GetVanguardProfilerConfigARM64Path(Microsoft.CodeCoverage.Core.Configurations.DataCollectorConfiguration)">
            <summary>
            Get path to ARM64 vanguard profiler config
            </summary>
            <returns>Vanguard ARM64 profiler config path</returns>
        </member>
        <member name="M:Microsoft.CodeCoverage.Core.Utils.IProfilersLocationProvider.GetVanguardProfilerConfigX86Path(Microsoft.CodeCoverage.Core.Configurations.DataCollectorConfiguration)">
            <summary>
            Get path to x86 vanguard profiler config
            </summary>
            <returns>Vanguard x86 profiler config path</returns>
        </member>
        <member name="M:Microsoft.CodeCoverage.Core.Utils.IProfilersLocationProvider.GetClrInstrumentationEngineX86Path(Microsoft.CodeCoverage.Core.Configurations.DataCollectorConfiguration)">
            <summary>
            Get path to x86 CLR Instrumentation Engine
            </summary>
            <returns>x86 CLR IE Path</returns>
        </member>
        <member name="M:Microsoft.CodeCoverage.Core.Utils.IProfilersLocationProvider.GetClrInstrumentationEngineX64Path(Microsoft.CodeCoverage.Core.Configurations.DataCollectorConfiguration)">
            <summary>
            Get path to x64 CLR Instrumentation Engine
            </summary>
            <returns>x64 CLR IE Path</returns>
        </member>
        <member name="M:Microsoft.CodeCoverage.Core.Utils.IProfilersLocationProvider.GetClrInstrumentationEngineARM64Path(Microsoft.CodeCoverage.Core.Configurations.DataCollectorConfiguration)">
            <summary>
            Get path to ARM64 CLR Instrumentation Engine
            </summary>
            <returns>ARM64 CLR IE Path</returns>
        </member>
        <member name="M:Microsoft.CodeCoverage.Core.Utils.IProfilersLocationProvider.GetStaticNativeInstrumenterX86Path(Microsoft.CodeCoverage.Core.Configurations.DataCollectorConfiguration)">
            <summary>
            Get path to x86 static instrumenter
            </summary>
            <returns>x86 static instrumenter Path</returns>
        </member>
        <member name="M:Microsoft.CodeCoverage.Core.Utils.IProfilersLocationProvider.GetStaticNativeInstrumenterX64Path(Microsoft.CodeCoverage.Core.Configurations.DataCollectorConfiguration)">
            <summary>
            Get path to x64 static instrumenter
            </summary>
            <returns>x64 static instrumenter Path</returns>
        </member>
        <member name="M:Microsoft.CodeCoverage.Core.Utils.IProfilersLocationProvider.GetStaticNativeInstrumenterArm64Path(Microsoft.CodeCoverage.Core.Configurations.DataCollectorConfiguration)">
            <summary>
            Get path to arm64 static instrumenter
            </summary>
            <returns>arm64 static instrumenter Path</returns>
        </member>
        <member name="M:Microsoft.CodeCoverage.Core.Utils.IProfilersLocationProvider.GetStaticNativeInstrumenterConsoleX86Path(Microsoft.CodeCoverage.Core.Configurations.DataCollectorConfiguration)">
            <summary>
            Get path to x86 static instrumenter console
            </summary>
            <returns>x86 static instrumenter Path</returns>
        </member>
        <member name="M:Microsoft.CodeCoverage.Core.Utils.IProfilersLocationProvider.GetStaticNativeInstrumenterConsoleX64Path(Microsoft.CodeCoverage.Core.Configurations.DataCollectorConfiguration)">
            <summary>
            Get path to x64 static instrumenter console
            </summary>
            <returns>x64 static instrumenter Path</returns>
        </member>
        <member name="M:Microsoft.CodeCoverage.Core.Utils.IProfilersLocationProvider.GetStaticNativeInstrumenterConsoleArm64Path(Microsoft.CodeCoverage.Core.Configurations.DataCollectorConfiguration)">
            <summary>
            Get path to arm64 static instrumenter console
            </summary>
            <returns>arm64 static instrumenter Path</returns>
        </member>
        <member name="M:Microsoft.CodeCoverage.Core.Utils.IProfilersLocationProvider.GetStaticNativeRuntimeX86Path(Microsoft.CodeCoverage.Core.Configurations.DataCollectorConfiguration)">
            <summary>
            Get path to x86 static runtime
            </summary>
            <returns>x86 static runtime</returns>
        </member>
        <member name="M:Microsoft.CodeCoverage.Core.Utils.IProfilersLocationProvider.GetStaticNativeRuntimeX64Path(Microsoft.CodeCoverage.Core.Configurations.DataCollectorConfiguration)">
            <summary>
            Get path to x64 static runtime
            </summary>
            <returns>x64 static runtime</returns>
        </member>
        <member name="M:Microsoft.CodeCoverage.Core.Utils.IProfilersLocationProvider.GetStaticNativeRuntimeARM64Path(Microsoft.CodeCoverage.Core.Configurations.DataCollectorConfiguration)">
            <summary>
            Get path to ARM64 static runtime
            </summary>
            <returns>ARM64 static runtime</returns>
        </member>
        <member name="M:Microsoft.CodeCoverage.Core.Utils.IProfilersLocationProvider.GetStaticNativeRuntimeX86Directory(Microsoft.CodeCoverage.Core.Configurations.DataCollectorConfiguration)">
            <summary>
            Get path to x86 static runtime directory
            </summary>
            <returns>x86 static runtime directory</returns>
        </member>
        <member name="M:Microsoft.CodeCoverage.Core.Utils.IProfilersLocationProvider.GetStaticNativeRuntimeX64Directory(Microsoft.CodeCoverage.Core.Configurations.DataCollectorConfiguration)">
            <summary>
            Get path to x64 static runtime directory
            </summary>
            <returns>x64 static runtime directory</returns>
        </member>
        <member name="M:Microsoft.CodeCoverage.Core.Utils.IProfilersLocationProvider.GetStaticNativeRuntimeARM64Directory(Microsoft.CodeCoverage.Core.Configurations.DataCollectorConfiguration)">
            <summary>
            Get path to ARM64 static runtime directory
            </summary>
            <returns>ARM64 static runtime directory</returns>
        </member>
        <member name="T:Microsoft.CodeCoverage.Core.Utils.IRuntimeInformationHelper">
            <summary>
            Interface to Abstract System.Runtime.InteropServices.RuntimeInformation methods for mocking in unit tests.
            </summary>
        </member>
        <member name="P:Microsoft.CodeCoverage.Core.Utils.IRuntimeInformationHelper.RuntimeIdentifier">
            <summary>
            An opaque string that identifies the platform on which the app is running.
            </summary>
        </member>
        <member name="M:Microsoft.CodeCoverage.Core.Utils.IRuntimeInformationHelper.IsOSPlatform(System.Runtime.InteropServices.OSPlatform)">
            <summary>
            Indicates whether the current application is running on the specified platform.
            </summary>
            <param name="osPlatform">A platform.</param>
            <returns>true if the current app is running on the specified platform; otherwise, false.</returns>
        </member>
        <member name="P:Microsoft.CodeCoverage.Core.Utils.IRuntimeInformationHelper.OSArchitecture">
            <summary>
            The platform architecture on which the current app is running.
            </summary>
        </member>
        <member name="M:Microsoft.CodeCoverage.Core.Utils.ProfilersLocationProvider.GetVanguardPath(Microsoft.CodeCoverage.Core.Configurations.DataCollectorConfiguration)">
            <inheritdoc />
        </member>
        <member name="M:Microsoft.CodeCoverage.Core.Utils.ProfilersLocationProvider.GetVanguardProfilerConfigX86Path(Microsoft.CodeCoverage.Core.Configurations.DataCollectorConfiguration)">
            <inheritdoc />
        </member>
        <member name="M:Microsoft.CodeCoverage.Core.Utils.ProfilersLocationProvider.GetVanguardProfilerConfigX64Path(Microsoft.CodeCoverage.Core.Configurations.DataCollectorConfiguration)">
            <inheritdoc />
        </member>
        <member name="M:Microsoft.CodeCoverage.Core.Utils.ProfilersLocationProvider.GetVanguardProfilerConfigARM64Path(Microsoft.CodeCoverage.Core.Configurations.DataCollectorConfiguration)">
            <inheritdoc />
        </member>
        <member name="M:Microsoft.CodeCoverage.Core.Utils.ProfilersLocationProvider.GetClrInstrumentationEngineX86Path(Microsoft.CodeCoverage.Core.Configurations.DataCollectorConfiguration)">
            <inheritdoc />
        </member>
        <member name="M:Microsoft.CodeCoverage.Core.Utils.ProfilersLocationProvider.GetClrInstrumentationEngineX64Path(Microsoft.CodeCoverage.Core.Configurations.DataCollectorConfiguration)">
            <inheritdoc />
        </member>
        <member name="M:Microsoft.CodeCoverage.Core.Utils.ProfilersLocationProvider.GetClrInstrumentationEngineARM64Path(Microsoft.CodeCoverage.Core.Configurations.DataCollectorConfiguration)">
            <inheritdoc />
        </member>
        <member name="M:Microsoft.CodeCoverage.Core.Utils.StringUtils.IsNullOrEmpty(System.String)">
            <inheritdoc cref="M:System.String.IsNullOrEmpty(System.String)"/>
        </member>
        <member name="M:Microsoft.CodeCoverage.Core.Utils.StringUtils.IsNullOrWhiteSpace(System.String)">
            <inheritdoc cref="M:System.String.IsNullOrWhiteSpace(System.String)"/>
        </member>
        <member name="P:Microsoft.CodeCoverage.Core.Resources.AllTests">
            <summary>All Tests</summary>
        </member>
        <member name="P:Microsoft.CodeCoverage.Core.Resources.CodeCoverageLoggingDisabled">
            <summary>Code coverage logging will be disabled</summary>
        </member>
        <member name="P:Microsoft.CodeCoverage.Core.Resources.CoverageFileException">
            <summary>Failed to open coverage file "{0}".</summary>
        </member>
        <member name="P:Microsoft.CodeCoverage.Core.Resources.CoverageFileNotFound">
            <summary>Coverage file "{0}" was not found.</summary>
        </member>
        <member name="P:Microsoft.CodeCoverage.Core.Resources.CoverageReportException">
            <summary>Failed to open coverage report "{0}".</summary>
        </member>
        <member name="P:Microsoft.CodeCoverage.Core.Resources.FailedToCreateDirectory">
            <summary>Failed to create directory: {0} with error: {1}</summary>
        </member>
        <member name="P:Microsoft.CodeCoverage.Core.Resources.FailedToCreateFile">
            <summary>Failed to create file: {0} with error: {1}</summary>
        </member>
        <member name="P:Microsoft.CodeCoverage.Core.Resources.InvalidBlockIndexExceptionMessage">
            <summary>A block index exceeded the number of blocks in the module.</summary>
        </member>
        <member name="P:Microsoft.CodeCoverage.Core.Resources.InvalidCoverageFileException">
            <summary>Coverage file "{0}" is corrupt or invalid.</summary>
        </member>
        <member name="P:Microsoft.CodeCoverage.Core.Resources.InvalidCoverageReportException">
            <summary>Coverage report is corrupt or invalid.</summary>
        </member>
        <member name="P:Microsoft.CodeCoverage.Core.Resources.OffsetOutOfRangeExceptionMessage">
            <summary>Offset OutOfRange in coverage file.</summary>
        </member>
        <member name="P:Microsoft.CodeCoverage.Core.Resources.SnapshotNotSupportedException">
            <summary>Snapshot is not supported in coverage file.</summary>
        </member>
        <member name="P:Microsoft.CodeCoverage.Core.Resources.UnsupportedCoverageFileException">
            <summary>Coverage file "{0}" is from an unsupported version.</summary>
        </member>
        <member name="P:Microsoft.CodeCoverage.Core.Resources.UnsupportedFileVersion">
            <summary>Coverage file "{0}" is version {1}.{2}. This version is not currently supported.</summary>
        </member>
        <member name="P:Microsoft.CodeCoverage.Core.Resources.FileNotFound">
            <summary>{0} "{1}" was not found.</summary>
        </member>
        <member name="P:Microsoft.CodeCoverage.Core.Resources.CoverageSettingsFile">
            <summary>Coverage settings file</summary>
        </member>
        <member name="P:Microsoft.CodeCoverage.Core.Resources.InvalidFileUsingDefault">
            <summary>"{0}" is not a valid {1}. Using default values.</summary>
        </member>
        <member name="P:Microsoft.CodeCoverage.Core.Resources.FileNotFoundUsingDefault">
            <summary>{0} "{1}" was not found. Using default values.</summary>
        </member>
    </members>
</doc>
